{
  "summary": {
    "n_episodes": 5,
    "survival_time": {
      "mean": 438.2,
      "ci_low": 345.4,
      "ci_high": 496.8,
      "std": 91.17982232928512
    },
    "peak_hazard": {
      "mean": 0.07989853459123238,
      "ci_low": 0.037930985474753307,
      "ci_high": 0.14933690455745238,
      "std": 0.06826138960214152
    },
    "final_exhaustion": {
      "mean": 0.5696565002284608,
      "ci_low": 0.24355951856440733,
      "ci_high": 0.8957534818925141,
      "std": 0.39098461689299463
    },
    "collapse_rate": {
      "mean": 0.6,
      "ci_low": 0.2,
      "ci_high": 1.0,
      "std": 0.48989794855663565
    },
    "mean_cluster_intensity": {
      "mean": 0.3517140002162015,
      "ci_low": 0.2631232886919202,
      "ci_high": 0.4473361869937368,
      "std": 0.10999722841715898
    },
    "collapse_causes": {
      "province_cascade": 0.3333333333333333,
      "exhaustion": 0.6666666666666666
    },
    "difficulty_by_topology": {
      "medium": {
        "mean_survival": 500.0,
        "collapse_rate": 0.0,
        "n_episodes": 1
      },
      "easy": {
        "mean_survival": 397.0,
        "collapse_rate": 1.0,
        "n_episodes": 3
      },
      "hard": {
        "mean_survival": 500.0,
        "collapse_rate": 0.0,
        "n_episodes": 1
      }
    },
    "ewi_analysis": {
      "mean_ewi_collapsed": 0.2533202496438633,
      "mean_ewi_survived": 0.229487389042557,
      "separation": 0.023832860601306294
    }
  },
  "episodes": [
    {
      "episode": 1,
      "seed": 5000,
      "n_provinces": 7,
      "survival_time": 500,
      "peak_hazard": 0.040023432263006524,
      "final_exhaustion": 0.10209543300330025,
      "mean_cluster_intensity": 0.24709514424213747,
      "mean_ewi": 0.20912775938537584,
      "max_ewi": 0.27896935370069137,
      "collapse_flag": false,
      "collapse_cause": "survived"
    },
    {
      "episode": 2,
      "seed": 5001,
      "n_provinces": 5,
      "survival_time": 260,
      "peak_hazard": 0.06999864317672665,
      "final_exhaustion": 0.8517834689658531,
      "mean_cluster_intensity": 0.5380632516782882,
      "mean_ewi": 0.3154595000966489,
      "max_ewi": 0.3817667589085219,
      "collapse_flag": true,
      "collapse_cause": "province_cascade"
    },
    {
      "episode": 3,
      "seed": 5002,
      "n_provinces": 9,
      "survival_time": 500,
      "peak_hazard": 0.21413710356980262,
      "final_exhaustion": 0.08091162892479156,
      "mean_cluster_intensity": 0.35092042522676253,
      "mean_ewi": 0.24984701869973816,
      "max_ewi": 0.3559858795723579,
      "collapse_flag": false,
      "collapse_cause": "survived"
    },
    {
      "episode": 4,
      "seed": 5003,
      "n_provinces": 6,
      "survival_time": 447,
      "peak_hazard": 0.0410589250454986,
      "final_exhaustion": 0.9050601202176604,
      "mean_cluster_intensity": 0.3872383150595374,
      "mean_ewi": 0.254617939768071,
      "max_ewi": 0.3277709119880735,
      "collapse_flag": true,
      "collapse_cause": "exhaustion"
    },
    {
      "episode": 5,
      "seed": 5004,
      "n_provinces": 5,
      "survival_time": 484,
      "peak_hazard": 0.034274568901127435,
      "final_exhaustion": 0.9084318500306988,
      "mean_cluster_intensity": 0.2352528648742818,
      "mean_ewi": 0.18988330906686984,
      "max_ewi": 0.2932264864154843,
      "collapse_flag": true,
      "collapse_cause": "exhaustion"
    }
  ]
}